vin,make,model,year,body_type,current_mileage,market_value
GZMIWGFQUIKW3XL8C,Kia,Sorento,2022,Convertible,134564,48608
MSME53UD5BVHQVG9Q,Kia,Sorento,2010,Coupe,27859,-3523
23C4DX76V6A0LHLOG,Hyundai,Santa Fe,2016,Van,119378,11322
WSQL4TXZ9QQ9BTF1T,Mercedes-Benz,GLE,2015,Hatchback,41071,4915
EVO2249GGWEYW7MIO,Mercedes-Benz,C-Class,2016,Hatchback,80976,19147
9K8J3F9UMBODL10Z7,Subaru,Crosstrek,2021,Truck,29578,13087
9UHYJO49ZD9I1UY3G,Volkswagen,Tiguan,2016,Hatchback,56157,9702
EPYL0R3KVXNX3K5Z9,Hyundai,Sonata,2015,Truck,53039,15884
ZQGQ016KC973WZU9V,Subaru,Ascent,2021,Van,50160,15025
NKWKDR3KGPKFAWZGC,Chevrolet,Camaro,2019,Truck,46414,24619
QNWBI7HEH6JFRCI0X,Jeep,Cherokee,2023,SUV,16418,24669
FP39WPT2UFC4D9P7N,Volkswagen,Jetta,2017,SUV,99132,21181
3F1P0BH4VPPQD51D5,Kia,Sorento,2015,Sedan,140390,14700
HW7JWSVFITX20JKRQ,Volkswagen,Tiguan,2021,SUV,34132,30800
UJW4PTQHDE6EKAIF2,Chevrolet,Malibu,2020,Coupe,113296,32128
BHWSXSBKSJB9NERF2,Mercedes-Benz,GLC,2016,Hatchback,58080,18016
89WB196LZ30TC3E7V,Mercedes-Benz,GLC,2022,Hatchback,69882,13256
I346Q7Q98JBOAY3JF,Chevrolet,Camaro,2013,Coupe,89059,2830
0JV9RK1C6IX9Z9SQY,Jeep,Cherokee,2016,Coupe,14121,12721
YTDHLKX5G0IHXEG0X,Jeep,Wrangler,2010,Sedan,138127,-7078
6X6090V7WR8W8OGKJ,GMC,Terrain,2019,Truck,100992,9276
87HC0Z8FPG9DKZ06T,Ram,3500,2014,Convertible,51636,10692
9C7EIVU7BQAUUG4PM,Ford,Fusion,2018,Van,133282,29522
25EXEEPXD0IQCGNAY,Hyundai,Sonata,2023,Convertible,30986,19402
KAY9OJQD82O7IU68N,Volkswagen,Passat,2021,Van,46769,16283
BX711P11WPJ157879,Ram,3500,2016,Convertible,147499,11645
X8QZAWCKFY6AWTCI8,Ford,Fusion,2014,Van,48159,9571
S8P7Z09YXOM7A6D58,Toyota,RAV4,2024,Coupe,101666,44977
J035ZVQAEG3S3G7TC,Nissan,Altima,2023,Coupe,144384,25849
4VY3IUH30ZBWKOZQK,Kia,Sorento,2016,Truck,30921,11116
QEH49JYPHLB88Z20Y,Honda,Civic,2017,SUV,112212,7641
V2XNC310J75QH1Q0Z,Ram,ProMaster,2013,Convertible,69151,4153
I14CV0EQWAJ83LMK2,Honda,Accord,2023,Convertible,61630,51150
0K1MM7RGFGVVTXIGD,Chevrolet,Equinox,2024,SUV,84158,27265
O3YEEF4403122AICX,Mazda,Mazda3,2024,Van,16598,24440
F6VOLHUP3VVHTFWOS,Volkswagen,Golf,2022,Van,54683,48430
2WEN03AKJRVR5SIWI,Chevrolet,Silverado,2012,SUV,55150,1358
1UFUOYHP6WUGEZSR0,Mercedes-Benz,C-Class,2015,Coupe,95087,12464
C4FEZM0N2Q827RUW5,GMC,Canyon,2011,Truck,133404,-1924
9M4AUBCC8L3Z38LZW,Chevrolet,Silverado,2013,Sedan,39611,2342
XB4FXXW5P1ANQ0NKE,Mercedes-Benz,GLC,2014,Coupe,42175,8516
V0N528DU1JAN26ETW,Mazda,Mazda3,2017,Hatchback,101952,15089
EV7QLJW3Q1J7DXRB6,Hyundai,Santa Fe,2021,Coupe,134034,23691
BHE8GQDVIFPOR8473,Nissan,Sentra,2010,SUV,117824,-2390
9TP5YX9P7S9PL8RNY,Jeep,Grand Cherokee,2017,Truck,142160,13264
TRB0RT6JTUTE0R3F9,Mazda,CX-9,2015,Sedan,53045,11291
FN7OMYI5VX80OI9L1,Jeep,Wrangler,2013,Convertible,118972,6767
1MPVU223C1N39NRGH,Chevrolet,Equinox,2019,Van,35561,11410
1NRZNHPGSL2GEBOKX,Volkswagen,Atlas,2024,SUV,86689,54629
AVK3AVFOBAF0BAYAT,Nissan,Pathfinder,2014,Truck,45756,6090
SEKHO7Z1ACZWAN535,Chevrolet,Silverado,2011,Hatchback,104997,-1231
DFH5N6KSJFVMYOXM2,Mercedes-Benz,GLE,2021,SUV,129067,12002
COZL6EKMMB5IR09AU,Ram,2500,2023,Van,28387,35321
LD87TPQEJ52MQR5GW,Ram,2500,2010,Van,108914,-5487
S8CUFFJ16NG1XI3G4,Honda,Pilot,2012,Van,57558,1455
LKGNKXXT5311D6Y0W,Toyota,Camry,2015,Sedan,121475,8403
PU9C8S939IKENXAPT,Nissan,Altima,2010,SUV,80028,-3221
J6DF01GFRP58GTAGM,Toyota,RAV4,2018,Van,60857,16900
6C18JNMU71FI1G29D,Hyundai,Tucson,2014,Coupe,81988,5986
3V26BMQ6DE1OIBNH4,Chevrolet,Silverado,2012,SUV,43668,657
2P24U87DK7GQKGK6A,Ford,F-150,2019,SUV,123567,11430
VETI53PUF321HA7AT,Kia,Telluride,2012,Convertible,39885,771
2JJPLY38RHBW9TH5U,Ram,2500,2020,Hatchback,37304,29552
EWIKWO2PHTXDF3DXF,Hyundai,Sonata,2013,Coupe,28570,2811
8K0NSXBIMV96VP769,Kia,Forte,2016,Hatchback,148174,18449
V5KGYBI9LYX72TO0A,Toyota,Corolla,2013,Truck,57861,4927
D8D99LR715O62W8PT,Hyundai,Sonata,2023,Coupe,46276,42500
8JRJXRGD52FAOXGA0,Jeep,Grand Cherokee,2023,SUV,94261,53889
QP5GEJO0OE90TADBL,Mercedes-Benz,GLC,2016,Hatchback,89318,12951
3A0L4LPVBNDWPOS72,Kia,Sportage,2015,Truck,31936,4744
BTX5CIJ1WB6N08V68,Honda,Civic,2019,Truck,100454,23950
NRU41TTQW85WXM0YY,Jeep,Cherokee,2021,Convertible,13638,16174
P17Q7X2KKE4KRM7O4,Hyundai,Kona,2016,SUV,63688,10185
5RY5JGNXC23TGXVOS,Ram,2500,2015,Convertible,45681,7308
1VE1DRRHGWBRH6DC9,BMW,7 Series,2022,Sedan,138883,18031
KPJ7T8SRAT9I6PWOR,Hyundai,Sonata,2020,Sedan,107865,36631
FOEI5R9MQY8799YF3,Subaru,Ascent,2015,Convertible,34390,12327
LLY9PAQ9APKMRQR7T,Hyundai,Kona,2016,Coupe,112655,9420
Z3JMJ18Q4TSVBDD5A,Jeep,Wrangler,2016,Van,59408,6653
K58PGX0JVWRLJX2UD,Subaru,Crosstrek,2023,Sedan,87396,38664
FGHOIA3SWPAM34WM9,BMW,X3,2011,Convertible,58526,-1876
WYA9QK6CHJ61RHU1Z,Kia,Sportage,2021,Sedan,135718,20067
ITDAAFK89H2VGGHFO,Nissan,Sentra,2012,Hatchback,146952,1901
2PG7GRO2I8DM2F4XJ,BMW,X5,2021,Hatchback,36106,42086
C6FYPLKBNVZN6ILKL,Kia,Sportage,2014,Coupe,54176,7480
TFR0TWWZQ2GDVSPMR,Volkswagen,Tiguan,2014,Van,113822,9063
NEE23CXZ1C4R56F76,Hyundai,Tucson,2010,Van,103804,-2652
SMLQ7RADYZ89KR3ZD,Volkswagen,Jetta,2019,Coupe,119422,17618
XFYHSOW0PLSHZKA3P,Kia,Sportage,2011,Coupe,95965,-1708
LJEJ12S4V8TG538ZU,Ram,3500,2019,Truck,87773,10408
LJ7Q4HKEUPTNST226,Volkswagen,Jetta,2023,SUV,37235,47616
UZL8NWLXHUMLBQG0G,Mercedes-Benz,E-Class,2016,Convertible,44405,9680
L0134H22SX7SOB7ME,Ford,Explorer,2021,SUV,98977,19404
RL3E3LPJ0UDWGVBX5,BMW,X5,2016,Convertible,22392,20170
NGY7VLQG3CRVS2FKZ,Hyundai,Kona,2010,Coupe,89558,-6410
9LYZP2NC9EQGNWI0U,Ford,Mustang,2010,Truck,68079,-2204
OQSDBHKJLKO8119T9,Ford,Mustang,2013,Hatchback,138811,6470
DHPTMRO8VH9JQXM74,Hyundai,Elantra,2022,Coupe,41353,39816
IZMKN6D0F1IZEYAZS,Ram,ProMaster,2024,Van,38166,39542
AJUWEA6LM7JM5QLUB,GMC,Canyon,2018,Van,48501,28081
L42NYVLHM4TO73047,Subaru,Impreza,2014,Sedan,130870,11495
ZMXUXBDORYTEDHL8V,Mazda,Mazda3,2023,Hatchback,70842,30797
XNTEJXMXZZ37XT07W,Nissan,Rogue,2012,Coupe,80871,721
RCYUP5X1Z4ZDLQL5M,Ram,ProMaster,2020,SUV,61418,31084
YEWQ5YT2VOOMQYIW1,Nissan,Pathfinder,2021,Hatchback,42548,38573
FN59QEOFD80TWEQ04,Honda,Accord,2019,Van,52442,29902
RHCE96J1F1B1IGYIK,Mazda,CX-9,2019,Convertible,79166,26842
D1CW6N8SWV3C5QH90,Toyota,Corolla,2020,Coupe,117087,34879
F2K8BDD409L4SST48,Hyundai,Sonata,2014,Truck,126968,9838
RU2AW40L0WQ3FBXXI,BMW,7 Series,2015,Coupe,119021,4524
MAXF38ZZ1CIOVJJFN,BMW,5 Series,2020,Sedan,110476,22142
LT127PZ6J82NVOIKP,Toyota,Camry,2012,Truck,69855,1533
7P49ZX3MGPTKR55GY,GMC,Canyon,2015,Hatchback,65225,5798
9PLQBVEMF10EG5YNB,Honda,Pilot,2015,Truck,128598,9282
V8XPJIT5YOJUNI7J7,Ford,Mustang,2013,Van,35935,4046
0AJ52QCPW9VGTKTVZ,BMW,5 Series,2013,Sedan,125897,6382
ZOCK3AYVCM9HDODQL,Mazda,CX-5,2021,Hatchback,137545,37019
DY3AQNM0UPUIIK2MR,Kia,Forte,2011,Van,75163,-1749
AFXBD94XJKBKYBP0U,Toyota,Corolla,2011,Convertible,100004,-1861
0LG3DY8J1WZ74D1JE,BMW,5 Series,2023,SUV,110924,50503
0Y7GUU76A5O56OOUH,Mercedes-Benz,S-Class,2020,Convertible,27976,40227
NEJW780FFQO6A6X74,Chevrolet,Tahoe,2012,Convertible,107315,873
2966IG428GHYU44CV,Volkswagen,Atlas,2010,Hatchback,108982,-5305
3S7CT9K5WVPIT5BPI,Nissan,Pathfinder,2016,Van,36291,15611
4V7IHFEW4CLXXA61O,Ram,ProMaster,2014,Convertible,107689,4986
X1JJ9BD4ACFRZM46V,Mercedes-Benz,C-Class,2016,Truck,90507,14014
JADKQNQ6O0Y8CLJYQ,Nissan,Rogue,2015,Truck,118961,8872
G4WXPPLB86XSNTSLH,GMC,Acadia,2012,Truck,54690,1876
33YEAFV5W1FSFWIBQ,Subaru,Ascent,2018,Van,103985,9792
T6YSH2WM884NKR8JP,GMC,Terrain,2020,Hatchback,47881,31187
6F7DSF0RSPM4G7VX3,Hyundai,Kona,2014,Van,139604,4957
0Y2H9L4ZE9FEOEQP5,Toyota,Tacoma,2024,Sedan,80487,57579
XDMTAWE4Q3AMLK6HA,Hyundai,Sonata,2011,Truck,51128,-644
W6XNQBDE6IT8MPFPU,Kia,Sorento,2010,Truck,101443,-6109
0WNJTAYCEOYTMFCR4,Mazda,CX-30,2024,Sedan,75320,30799
AF9ON47OQO7T9GCUD,Ford,F-150,2020,Hatchback,41144,37232
OV290KRQ9PXGFTHOY,Toyota,Tacoma,2023,Hatchback,55576,50757
509LY1JENHS54CC7Q,GMC,Canyon,2016,Coupe,120563,17093
RJMCC7AIH4WIUPOK8,Volkswagen,Jetta,2024,Sedan,94151,45191
DTXPO2ADVEE4WF9ZO,Ford,F-150,2016,Van,72067,17692
FR96NL40DHX2W1S82,Subaru,Forester,2019,Convertible,93255,23051
LHLN6B3B4AEK06X72,Honda,Pilot,2016,Hatchback,128455,6726
IJ8GLWTDPPCCBBN3M,Ram,1500,2017,Convertible,50594,15188
6DGKS27H10X7O7B7Q,Subaru,Crosstrek,2013,Truck,88284,3583
JL7J8EQ8982TN6K1F,BMW,7 Series,2020,Convertible,127723,24267
4GWOO7CX77U7ENNL8,Kia,Forte,2018,Convertible,45139,28035
LVNI0R01UTHCN95EA,Subaru,Crosstrek,2017,Convertible,55598,23110
B3UV5DMYLHSF2DGGV,Chevrolet,Malibu,2015,Convertible,142065,14995
D82E7Z3JQ9X34IU1Q,Ram,2500,2016,Coupe,31760,17646
Y68YG7LDFU2DXABUW,Nissan,Pathfinder,2023,SUV,53936,40059
12AW1UDM0VY14IZ5P,BMW,5 Series,2017,Truck,113663,16265
KP3VOFZRQZQ3RQA7V,Jeep,Wrangler,2014,Van,136602,9194
X5W9FCI0I04HBE3W9,Hyundai,Santa Fe,2017,Hatchback,37753,22222
8SDNNPHCVFR203CK4,Jeep,Cherokee,2015,Truck,104792,9031
34928SEY5WVMLQYO6,Volkswagen,Golf,2021,Coupe,124889,27982
2D70KD0X82RVKYK0F,Chevrolet,Equinox,2018,Coupe,77288,11937
8NO17IC05IJ9DZHVW,Nissan,Altima,2018,Sedan,18498,8841
DO0H7WYFYK3TD5JH8,Honda,CR-V,2016,SUV,122562,14734
6GU3Y3O4O3XDHW4TL,Mercedes-Benz,C-Class,2014,Van,135744,4268
Y0ML38YOA1PCA0XHP,Ram,1500,2022,Van,50818,49846
16XH190TO04XUAM1Q,Ford,F-150,2023,Hatchback,70840,47086
5X446Y308J8XIR0QF,Ram,3500,2022,Coupe,122595,45533
U1B7LBD7VIQPC302N,Ram,2500,2020,SUV,22943,37232
6JHRMPFZZRVHX2R05,Jeep,Renegade,2022,Coupe,33322,49722
Q206PDV0C9NCDS86W,Jeep,Renegade,2022,Coupe,35591,17035
DELGSYK9QI734K1VK,Honda,Civic,2013,Hatchback,133467,6108
OWQYMDESNC4I8RWVY,Jeep,Renegade,2012,Truck,10861,1659
YJAKUKQZUHCXXDOPI,Mercedes-Benz,GLC,2017,Truck,60137,11403
IVT2SJ6CAJNOL40T1,Mazda,Mazda6,2021,Convertible,64284,19275
Y6IL2Q9FQMNKJ9MKY,BMW,X3,2014,Truck,103406,7405
16K7II3LNONTZD8SG,BMW,5 Series,2021,Van,10274,37284
5KAYVIZ23IJJKMSZR,Ram,1500,2021,Coupe,24389,30618
RVLF0INBNQ5URFWS3,Ram,ProMaster,2012,SUV,125370,1511
QEGLFFKSDMPXKXRVE,GMC,Yukon,2023,Van,34543,20782
QK6GPAASUFVAWTQBY,GMC,Yukon,2019,SUV,95971,27950
OOS34T9FJJZYGZNW4,BMW,X5,2019,SUV,40938,10385
KCT3RAANFKD1V5FO8,GMC,Acadia,2021,Van,30689,18140
9EHDQFO2BNTK9X72L,Subaru,Outback,2015,Van,44816,14719
NKJW40WL825SNB1LN,Toyota,Highlander,2017,Van,134203,13875
VRA8JEJU1K3VPM62W,GMC,Canyon,2017,Convertible,37309,18609
F8KBTS9R4ABGBJVOR,Subaru,Outback,2012,SUV,123699,848
EYI4MTNALLWKH7HV0,Mercedes-Benz,C-Class,2020,Sedan,27311,36785
248GNJQINQ2646FQN,Jeep,Renegade,2014,Van,32372,6316
YHLV1Z92EF1SVSXKT,Ford,Explorer,2024,Coupe,122474,26873
MTFIG01U99K9C2GVG,Mercedes-Benz,GLE,2023,Van,144455,33332
99YBFWZCECZ7R4CKQ,Jeep,Grand Cherokee,2014,Convertible,96727,9236
5NUD3XX8R8WAF9WC3,Jeep,Wrangler,2016,SUV,112050,11667
Q07MHMSN72EDPBHUQ,Mazda,CX-5,2015,Van,82524,10431
7P38L0Q9JC8PZKRKD,BMW,3 Series,2011,Sedan,147928,-1226
1OH19GK06FF6K72C4,BMW,5 Series,2021,Coupe,117882,28588
Q5R6Q55SLOBMQ3TRX,Honda,Odyssey,2024,Truck,67758,38937
2QH7HOAUGJNNGODDA,Mercedes-Benz,S-Class,2024,SUV,52523,15336
YESO7N4S02CJJIDEX,Kia,Telluride,2014,Sedan,127699,5433
DHYYDREJSQIF0T45Q,Ram,3500,2024,Hatchback,50032,24472
84BR8ZLC4CTXJNG1T,Nissan,Rogue,2017,Convertible,59859,22731
WB5TA6JBC74NWRO4O,Ram,2500,2018,Truck,48322,22260
0J4VYBWUTPSPOXSR5,Mazda,Mazda3,2018,SUV,60152,12805
B6TYSAH7ILERS0T6S,BMW,7 Series,2019,Hatchback,121211,15079
IPDFHPP6XR7ISW9JU,Mazda,CX-5,2024,Van,78787,25291
YBEVE90ZUY2MBVXPK,Ram,1500,2020,Truck,133537,33485
YR590OZ8GU2RT6EVV,Chevrolet,Camaro,2011,SUV,47094,-1344
Z26BK7DMK0T19J8BY,Kia,Sorento,2022,Van,50704,36050
XL8S0Y87NQZVJIVLP,Honda,Accord,2017,Van,63230,24324
VSBN0QQBOA865B8HP,Hyundai,Kona,2011,Van,49895,-2357
0HB4D81GVX5IN0MK7,Kia,Forte,2018,Coupe,42315,10499
7DODLMYPMUNEVKLSL,Nissan,Sentra,2017,Hatchback,13577,22418
BPU3MNYIX9KXUC9GK,Ford,F-150,2016,Coupe,10575,9991
R7CL9PQEAFDEJP4HS,Subaru,Forester,2011,Van,61196,-1675
RGE0AX1B8BEC9ZK7F,Honda,CR-V,2012,Truck,132615,1590
9YUXMPHRB4AT72MDT,Toyota,RAV4,2020,Hatchback,142465,11465
AAQPC5M1ET0X7IZ9C,Mazda,Mazda6,2023,Hatchback,131228,53075
52MJRJI6MPR4ZX54I,Hyundai,Tucson,2011,Hatchback,47517,-2048
ZCHTXFGDYDEYO11B0,Subaru,Crosstrek,2013,Van,62768,7040
5DBBQA9M0OU2IM8PT,Ford,F-150,2015,Sedan,19956,11714
C9OMRD9QOAETCYQAE,Toyota,Highlander,2019,Sedan,144649,12747
ACR49K9JDIUHWYWRV,Mazda,CX-5,2017,Truck,32483,7422
9HW6JXHIBG26H710E,Nissan,Sentra,2016,Coupe,146275,15216
SQSFMCKKC44N0LX0S,Mazda,Mazda6,2022,Hatchback,99599,15655
ZQMNPPN8P6HZMU47K,Mazda,CX-30,2012,SUV,85286,1336
EKTO4XSUPTUABQIJU,Volkswagen,Atlas,2022,Van,143574,34224
DQXAE2PLLLGIGWI1W,Honda,CR-V,2012,SUV,126072,951
WXRW70RLD9L0GSCQH,Mercedes-Benz,GLC,2011,Van,139578,-1281
H5NS12VFPWWFEZ7Z7,Mercedes-Benz,S-Class,2020,Truck,27112,38455
XQQ5ZV0CE3IGSWHXQ,Mercedes-Benz,S-Class,2022,Truck,18579,31017
DFCH343MCGYB4BLD7,Honda,Pilot,2010,Hatchback,128193,-5323
PJM00OF14ZQCKX9I1,Mazda,Mazda3,2022,Coupe,131493,41884
3VYD583MB8HMT8U20,Subaru,Outback,2016,Sedan,81099,19734
N3GOGN5MS8BQWBGN5,Toyota,Camry,2019,Hatchback,109495,20640
7A06YPN45YY3LAF4W,Mazda,CX-9,2010,Van,25893,-7165
OBAFHODK4DWHBQAV8,Chevrolet,Silverado,2019,Coupe,28994,15817
6AVBKSPZL837MMXMD,Jeep,Grand Cherokee,2021,SUV,106888,13842
5I0NU399DLPJBXDA3,Subaru,Crosstrek,2016,Hatchback,144425,16162
9QTR3PE2Z5217GJB6,Subaru,Crosstrek,2016,Truck,138758,9476
71RSW668281D1XFAB,Mercedes-Benz,C-Class,2024,Van,137612,48706
9Q1M9S5R7HC5GN15O,Honda,Civic,2013,Truck,63844,3343
Y4EOMGEWO9RN62MF4,Chevrolet,Camaro,2017,Truck,121676,10381
EXYELDYWD3YTERGMK,Toyota,RAV4,2015,Van,148947,12336
F6Y7ZM1PSWZOTXQAB,Chevrolet,Malibu,2024,Van,71830,46837
CSWLQ0UT190L9DX1P,Mercedes-Benz,S-Class,2011,Van,93363,-1712
PK9JMGG9AWWALZIMZ,Mercedes-Benz,GLE,2012,Hatchback,87351,1277
3G913QSHVJJC6O417,Ford,F-150,2017,SUV,40502,17333
3RDDF9R8RW51XN2LX,Ram,3500,2022,Coupe,35190,12827
IKX99D9J461X2ONEM,Ford,Escape,2012,Coupe,81455,619
XXPU4M10Q31MNP0AH,BMW,7 Series,2013,Truck,114575,2060
BIWF5N865FT6TTOLP,Ford,Mustang,2024,Sedan,95622,49871
5U8MUXL8EFWT1LON3,Chevrolet,Camaro,2012,Hatchback,68744,1797
Y54HNUVHG10BVCCG2,BMW,X5,2019,Coupe,25855,21589
OMWKY0K3OK0S4SLUT,Hyundai,Kona,2022,Coupe,32907,23988
VSUN6VYUHOD9LJX1V,Subaru,Forester,2021,Truck,66413,20254
DHGFPD24EJ5A72DPV,Ford,F-150,2023,Hatchback,39649,23526
PB620NE2QEPO62NYG,Subaru,Ascent,2017,Truck,54461,11855
MO7VIEMS2SVU01LTN,Subaru,Forester,2015,Convertible,136835,10794
12F20AGYEKQPVGK50,Honda,Civic,2024,Sedan,50077,42498
HV370291F8H1AJ0OL,Subaru,Forester,2010,SUV,29793,-6654
JFJW12Q58ES2WP6VM,GMC,Acadia,2014,Van,35279,8702
YA593IGL0S0FURHTY,Toyota,RAV4,2017,Convertible,96151,18399
2JC6Q94VH1ICCKQI3,GMC,Sierra,2017,Van,35245,6846
UIZXUPG5994MUI608,Mercedes-Benz,C-Class,2010,Van,11720,-2185
MT82IC2XSF1F1HCTN,Jeep,Renegade,2010,Sedan,68601,-4085
5Y66TZFX0ZWHER7SV,Hyundai,Sonata,2015,Hatchback,35732,7714
HJ4GZDZ0EK2OHGLH8,Subaru,Crosstrek,2019,Hatchback,145133,10396
LJF9BZL2ESQG799RW,Subaru,Crosstrek,2010,SUV,107358,-2101
YVRQGTFADT9Q90K1H,Jeep,Wrangler,2016,SUV,24117,11358
04MFCCFFKZIXRGOO9,Honda,CR-V,2014,Truck,91915,4116
AFM3GXZY4A7KF2MR2,Subaru,Ascent,2014,Truck,25613,7095
AFU5HCRROARVMX93I,BMW,5 Series,2022,Sedan,72167,28323
Z53NWHVQW5VRVTTVZ,BMW,7 Series,2019,Hatchback,116688,13628
39992H0G8H1G2N4YY,Jeep,Grand Cherokee,2018,Hatchback,86527,25775
7DKEH1SDIZKA1OZK2,Ram,ProMaster,2021,Van,34928,30637
7KW3EFD92ZU0VQF8T,Kia,Telluride,2019,Convertible,14784,13661
G0QIK4I96K8TBDU5T,Honda,Pilot,2017,Sedan,113558,20716
P3GZKWZ07OVQ5FX0U,Honda,Odyssey,2020,Hatchback,100606,39724
BNA8XN7S1VILQ1HFM,Nissan,Altima,2011,Sedan,95232,-735
0RXACDVS1HWPK6TUW,Mercedes-Benz,GLC,2017,Convertible,104647,13676
DR8TNH43II75P3CPD,GMC,Terrain,2015,Coupe,145959,12183
P3F6LONECACVJ1ZUM,Mercedes-Benz,C-Class,2011,Coupe,116136,-1351
ZK0WXQVQQJ03EILIA,Toyota,Tacoma,2023,SUV,53109,23290
8AU38L35U9Y12Z8R1,Ford,Mustang,2018,Convertible,52536,26512
5AGUG3WOMOXJCIHXG,GMC,Terrain,2015,Hatchback,58866,12451
OF97KJ5YETR4IDNPZ,Nissan,Sentra,2018,Sedan,126785,10636
Y81B9G4W9UT6KFAG2,Mazda,Mazda3,2020,Hatchback,126395,21962
YXV03VGCY4UQ5A7ZE,Chevrolet,Camaro,2014,Sedan,37704,7119
UWTV4YBNB4JNS9NFJ,Honda,Pilot,2019,Coupe,46557,13919
NWWO198LHMKQOE5F9,Ford,Explorer,2016,Convertible,87866,17379
6CM1FKT7XA9E4F0JE,Volkswagen,Passat,2015,Truck,136370,4634
L3WDZTZTA5KSILTDX,Ford,F-150,2014,Coupe,53934,10241
QL0WIB52X22ETBCIB,Honda,Pilot,2016,SUV,80269,21543
BDZJ60YGC6ZIUOZFX,Volkswagen,Tiguan,2014,Van,88050,4496
HESBX7ASR4ELB6Y28,Ford,Mustang,2013,Truck,116568,5947
VGPTK5JO5728CJZJB,Toyota,Camry,2012,Coupe,90429,717
7NCAQ59ZFWW8Z4A0I,Mercedes-Benz,E-Class,2021,Hatchback,106174,37978
XJCDC9T4XBIXUB0IS,Honda,Accord,2013,Hatchback,16536,4804
9DUEO8BHE6E1CGZBQ,Hyundai,Kona,2024,SUV,135255,56234
7AQY0EOUBWTZO5GTD,Nissan,Frontier,2021,SUV,24750,12815
MYYRFO3AB8CRDREWC,BMW,5 Series,2012,Coupe,123220,2366
GWB934IM3JW9RANAV,Kia,Sorento,2020,SUV,143331,19928
YGQC8CSAXTIT9J2D7,Nissan,Frontier,2021,Coupe,136894,43348
O310YM4XPD9SOAXFJ,Mercedes-Benz,E-Class,2023,Truck,30710,23922
BV7WIRA7M4ECMWWEQ,Kia,Optima,2011,Truck,128078,-1999
0I1D6H17FU13G32SP,Honda,Odyssey,2014,Van,28152,9164
3JAD2O1LBSQTIDGE1,BMW,X5,2019,SUV,118106,22044
DYLKF4UFSDRDIAAOZ,Hyundai,Kona,2012,Convertible,66032,697
VZEQYHI1O38JQCODR,Chevrolet,Equinox,2017,Coupe,51010,6785
CG8L2G6BP7U104EB2,Volkswagen,Tiguan,2023,Convertible,50560,48029
N23VNWE1MJCURRGUL,BMW,7 Series,2011,SUV,61160,-822
8VVI8DFDXLM8MSI50,Jeep,Renegade,2011,Coupe,138675,-794
T30QEVVGJ0PHEELOF,Hyundai,Santa Fe,2010,Sedan,148556,-3957
SZJZ0GFR7H5XPA63R,Mercedes-Benz,E-Class,2024,Coupe,15717,17868
3WYSBRLQMU11YHLUO,Toyota,RAV4,2019,SUV,96994,30278
T1TYEYYBC3D9C56KE,Chevrolet,Tahoe,2011,Hatchback,147425,-1805
7HA6UJ3YBP8HMOVUT,GMC,Terrain,2016,Van,132772,6022
018WKB77YYAGB1A8L,Chevrolet,Camaro,2021,SUV,43912,27223
EFHCZPY3GGP7UBX47,Chevrolet,Equinox,2021,Sedan,149233,44823
UFQYCKSRRS7G2ED0H,Ford,Fusion,2013,Truck,38277,6051
DIRXU4SFU8XR71WWE,Jeep,Cherokee,2021,SUV,39703,43312
XSLLMBMU31DYFO98N,Ram,1500,2010,Hatchback,130764,-1830
H0C06NS8GHTAWHFPX,Jeep,Wrangler,2023,Coupe,51771,45655
6J6H3MOG959CV377O,Subaru,Ascent,2023,Van,100792,35176
OJUMK3331485QJC5R,Kia,Forte,2017,Coupe,149135,24271
EJB27WJM7XADRKUSE,GMC,Acadia,2010,Convertible,121867,-2926
AKENJF78L39GFD88B,Toyota,RAV4,2012,Sedan,140712,1200
IOAQNQTBEPX1HQ4II,Ram,2500,2019,Convertible,143160,35690
H2V82XSOMA7T8SUKE,Toyota,RAV4,2021,Truck,88923,12715
PZ7S55EU7L2J5XUJT,Ram,1500,2019,Van,80585,21269
MVQ3XH6V03QPDJT7U,Toyota,Tacoma,2010,Convertible,56810,-3002
ZVOWPU1WF1RMWKB81,Toyota,Tacoma,2024,Van,147986,16547
A3NIKYYQ7OSA80ITU,Volkswagen,Golf,2011,Hatchback,128529,-902
EVO10FTIEPTQN34OY,Mazda,CX-9,2013,Coupe,53670,5088
CCTNJ1KF70W75J2PB,Volkswagen,Golf,2022,Van,83776,45174
YEYJUZCPNDDQHAGTA,BMW,5 Series,2017,Sedan,56414,14956
Y8GAP8TR6G7BX3U4J,Kia,Sorento,2018,SUV,33185,30944
XL2JH7VP5TGI00ADU,Mazda,Mazda3,2014,Sedan,54285,11500
I7WC8YTL28TYYOMLS,Ram,1500,2011,Convertible,139828,-1711
YGC1SZ3KC4MGFPQ8K,Ram,ProMaster,2012,Coupe,73214,1663
R81K2M1B88X39RQAK,Ford,F-150,2010,Sedan,106284,-6501
TG070RW5UAWOAV0NA,Chevrolet,Malibu,2023,SUV,139240,49876
O74H8RPAERCJH0EVQ,Ram,ProMaster,2012,Truck,94764,997
1K7DWJKEFTVR886LS,Volkswagen,Golf,2024,Coupe,56476,56942
S8BO8P7MPIK3AGUO5,Mazda,CX-30,2012,SUV,48729,2157
92PJX8XSDI2MX6496,GMC,Acadia,2015,Van,32426,5078
O14E601VGMTTVB5KB,Jeep,Wrangler,2015,Sedan,105705,6039
AE5DE68KIW789GJZY,Subaru,Ascent,2017,Hatchback,51320,21464
RCGTT77OBAPOY63WS,Mercedes-Benz,E-Class,2011,Sedan,56459,-2245
3XSP1YUZ5ZCX38GGO,Mazda,CX-5,2019,Van,91814,32653
885GXBZSUZAFOL9BJ,Mazda,Mazda6,2024,SUV,118519,20328
56R8T2FF5PJEA3GY8,Honda,Civic,2013,Coupe,69319,6174
L9YZ7KCNE0CKX7OU0,GMC,Canyon,2023,Sedan,115976,41682
1FP96UH2BYFVDCJ15,Kia,Sorento,2022,Truck,149783,12605
I6UZR1741NTRAUEO5,Ford,F-150,2020,Coupe,44881,18381
UVR00MZ511NOC27UN,Ram,3500,2011,Hatchback,58619,-980
C2DUAWM5583FI78I9,Chevrolet,Silverado,2014,Van,60977,8168
8UP41MIV7Y2XDXVDF,Ford,Explorer,2023,Van,129439,30626
7XJVE69OV2ULW7AOI,Ford,Mustang,2014,SUV,109438,11900
SPCFY6TA97T3PGHH6,Chevrolet,Equinox,2021,Truck,69828,23867
374D1QQI9PVUJJT7F,Ford,F-150,2013,Convertible,62359,5126
JRCXZYZ624XA2F7CI,Nissan,Sentra,2015,Sedan,105995,9873
AA25R19SJZND2B7GG,Subaru,Ascent,2018,Truck,37980,29983
VFY8ULUE4SD2W9DWH,Toyota,Corolla,2011,Hatchback,136361,-1506
GVO14FR7CHGE9H72J,Mazda,Mazda3,2016,SUV,127288,17133
YJ367ABUT66J1RHHG,Honda,Civic,2014,Coupe,36328,8580
HC4NSM2XRU00RAMCT,Hyundai,Sonata,2019,Convertible,125556,23514
WKJAAHPMU6PFAAPBE,Chevrolet,Malibu,2012,Coupe,27057,1136
3T8TUJN5U9FE06R1N,Kia,Telluride,2020,Hatchback,19163,11020
4020XH3N2SRWU0AP8,Chevrolet,Malibu,2023,Convertible,23958,44235
T74SQ4LITEWVDSQQI,Mercedes-Benz,GLE,2010,SUV,70943,-1860
N3GBRZKH9N1BL4K0R,Ford,Explorer,2022,Truck,103988,44655
HDLFWHZG117ROSOSK,Hyundai,Sonata,2022,Sedan,131984,46373
F5BZ3GP7Y4OWSJAOX,Ram,ProMaster,2011,Coupe,142282,-866
74ZFIDM6ADJZ9ZBYZ,Jeep,Grand Cherokee,2016,Coupe,28260,18159
B3WW2U9YORS5YXZUP,Jeep,Renegade,2017,Coupe,138276,22310
P6NC46DVXHACNQJWP,Mercedes-Benz,E-Class,2010,Hatchback,42323,-4471
TPDXXJ7JYWR2OZ1I6,Volkswagen,Jetta,2022,Hatchback,141066,45454
ERQI3SS8E57NDU55X,Hyundai,Elantra,2010,Van,82481,-6245
5C04VVSOABKRRNA2T,BMW,X3,2016,Truck,14480,9718
I9P7FGAHSRNOEQCPP,Jeep,Renegade,2023,Hatchback,95789,36367
NJIBTLMX6UIJJVSAC,Volkswagen,Golf,2022,SUV,103459,16632
5KTUNP41JE236ETRE,Volkswagen,Jetta,2017,Hatchback,107482,10403
FSYM2LQ3B36MF2NBY,BMW,3 Series,2024,Coupe,35895,55163
8ZNWUS6WBO5OW3TYZ,Mazda,CX-5,2021,Truck,145835,42699
IZPODBFWV1TZYU6AZ,Honda,Accord,2021,Van,88122,15136
DHRMUEX0D2Q45KNFD,Kia,Sportage,2020,Van,23173,12099
42HTIN0IC1MY66N97,Mercedes-Benz,S-Class,2022,Truck,129849,45602
V13O8VSF55LDYJBG8,Hyundai,Kona,2014,SUV,15937,4129
MBUWF89WUUFGY7V5Q,BMW,7 Series,2021,Truck,41466,25401
1KGYBRAI5HFU0KPZA,Ram,3500,2017,Convertible,106889,23096
I1GD07D18W553HDMY,BMW,7 Series,2015,Sedan,64421,4630
R039X5WMA1536QC9D,Volkswagen,Tiguan,2012,Convertible,12089,2094
HZ6XHYU6XV8P2FJXC,Ram,ProMaster,2010,SUV,39086,-3993
DP7EEEFICXKUMV8YX,Jeep,Cherokee,2021,SUV,130425,45127
I1I1RZTZCON699RVW,Jeep,Grand Cherokee,2014,Convertible,129557,5274
9AQ7FF4NFF05PO21E,Volkswagen,Golf,2013,Truck,104745,3728
L67XWJ6CSNIL2JDNV,Mazda,CX-9,2016,Sedan,140603,18172
4OVH7ZR69SLIA5W76,Hyundai,Santa Fe,2021,Sedan,144740,17720
BIP5STEMY3C3BVAM6,Hyundai,Sonata,2020,Hatchback,89087,15132
P3FG91IM4X0ZUQQD8,GMC,Canyon,2023,Convertible,81372,45684
81GT6I5V0UIB1S35S,Jeep,Grand Cherokee,2018,Sedan,124112,16950
KBL02MWLJCX9BAGI2,Volkswagen,Golf,2016,Truck,28502,5484
YSWWDBHO1HCRMTGNY,Volkswagen,Passat,2017,Coupe,14113,13864
NPVLOR9XH9RNV1JZL,Honda,Odyssey,2011,Sedan,124817,-1912
PAJRJI1BAHVFHMEJG,Honda,CR-V,2014,Coupe,77607,7189
COPO8RKJV7ZK81IMO,Ford,Fusion,2019,Convertible,15339,14991
YTF588ZBU3SHNCGFM,Ford,Escape,2018,Van,116794,8537
0MZD2W92I0A28I42Y,GMC,Yukon,2018,Van,58822,25230
I8SCV5JSWFYSLAEZQ,Volkswagen,Golf,2019,SUV,104297,27210
W5D63X7JN937N3CS4,Hyundai,Tucson,2010,Truck,120077,-5154
WY9PXMB7MSL2WRWTV,Ram,1500,2018,Convertible,52846,10561
D4XOMH3MT919QAPRB,GMC,Canyon,2023,Van,27244,40905
2UBKNX0UILGKRX3Y9,Volkswagen,Atlas,2011,Van,41746,-1303
NB31V48PWU1ZHNMI4,BMW,X5,2020,Hatchback,118406,37436
3GSPW5LLXCJGIHUA6,Hyundai,Kona,2012,SUV,68532,1127
S9YSWYI72JOHM4ZNS,Mercedes-Benz,GLC,2011,Convertible,96417,-663
KDJX2291TXAWNGWJC,Volkswagen,Atlas,2019,Sedan,57258,31873
OX1C9TWEFNEA6XEPI,Toyota,Tacoma,2016,Coupe,28877,12963
YIPIPBL26FJ4A2EM9,Ford,F-150,2015,Convertible,100106,7365
RXMVGB3K6KLXL3K9I,Mercedes-Benz,S-Class,2024,Truck,100058,56767
KLVR4R93FQXXTY6E5,Nissan,Frontier,2015,Convertible,109634,12362
90H1SRZ82RQT7X4JA,Chevrolet,Camaro,2020,Truck,101648,28311
Z8ECROUUL74A5M85S,Ford,Explorer,2023,Sedan,114477,31273
WX3Z16PUBUAHBTX20,Mercedes-Benz,C-Class,2017,SUV,51222,13179
3RPAGF3O4BZOO543R,Toyota,Camry,2013,Truck,29685,5971
O8NKAJPTHNZD7H79V,Jeep,Grand Cherokee,2010,Sedan,13011,-3712
0ME5LO2K008SM37ZP,Subaru,Outback,2014,Van,97762,3116
3H5OH4HVZ0V1TRDH9,Volkswagen,Tiguan,2013,SUV,98606,4772
DG0MAHOHNNX3U8XRK,GMC,Sierra,2012,Hatchback,101769,2036
02PITHCNFCQDCWT8D,Toyota,Highlander,2016,Truck,72774,9082
17S4MKJYHEIAP18H9,Ram,1500,2022,Coupe,81506,25058
V2TVT07O8SK2G2W23,Toyota,Corolla,2024,SUV,61301,50717
SDVZ6NVHV7IUT6AYM,Ford,Explorer,2023,Truck,44065,51842
E0HM3OMTJ36F8BY2I,Honda,Accord,2017,Truck,94675,26162
O5GCBGCEDB6MVGB0C,Chevrolet,Equinox,2013,Coupe,146504,3479
P5NG1SC266X946MHF,Mercedes-Benz,S-Class,2011,Hatchback,73732,-1288
SI9BAXI3ILX8QYM1D,Ram,3500,2011,Coupe,116010,-1365
VZ8O0QF5478XLS7EO,Kia,Sportage,2013,Truck,50171,4139
IVP7BTF5EV0BXUZU2,Nissan,Pathfinder,2015,Sedan,58163,15009
CBJVMFSFVSQ4MC0TI,Subaru,Ascent,2012,Convertible,11911,2074
IALSR7TWAJISW99O6,Subaru,Impreza,2023,Convertible,83424,23319
64YS900GDIVI5W0FK,Toyota,RAV4,2020,Sedan,138110,22643
MA1OL9UZGOGC3UVUC,Hyundai,Elantra,2024,Van,47025,44899
NVIYGA59VXUWKR99C,BMW,7 Series,2018,Van,97121,17969
G8SCZ23ZBGL57AL0E,BMW,X3,2014,Hatchback,68131,7444
S2SJ7D0CZBR39VDWX,Honda,Odyssey,2020,Convertible,141737,23997
PPG2VK3B1JA0W6X19,Ram,1500,2013,Sedan,142287,6424
CNMLEZ61V0A78NOU3,Nissan,Sentra,2022,Truck,13504,48433
N4ZXDBF0LTWFHOA4Q,GMC,Acadia,2023,Coupe,116878,47243
IH7LXDC47WPC5R6TR,Ram,3500,2010,Convertible,132657,-2941
8WYGSQ9MNC4OC404F,Jeep,Cherokee,2016,Hatchback,84735,21003
UPIN5VZIA96TT203N,Volkswagen,Atlas,2020,SUV,61194,32642
4RLT8BC394YECWE49,Ram,1500,2019,Hatchback,99300,30489
NSVHLK6CWQC01G90A,Subaru,Outback,2014,Truck,102853,9639
OXI9WEFWI3I8MYPH9,Mazda,Mazda3,2023,Van,30787,45877
L0DK2XVL26LPIGM33,Nissan,Altima,2024,Hatchback,50965,56825
XZ51DHXOZT59QOS36,Honda,Odyssey,2018,SUV,145972,15143
1NMIQO94TWGKST8ID,Volkswagen,Jetta,2018,SUV,108777,19414
IBASV15ZX471M5WQR,BMW,X5,2014,Sedan,149309,8536
Q1FNP3VJOA98IVYG8,Mercedes-Benz,C-Class,2012,Van,19961,1747
813E3N4374VJ44NQW,Mercedes-Benz,S-Class,2010,Truck,101361,-2380
4WYJCGOPLNPPOILQU,Ram,2500,2020,Convertible,115435,14881
ZBCO2X9AZ2NNQ4LQ3,Hyundai,Elantra,2019,Convertible,97842,20766
GBFRI0NZZ6ST2NT3A,Ram,2500,2011,Convertible,62037,-1563
HJ5ZUSI9R16FSN9U2,Toyota,Corolla,2017,Sedan,138760,15882
C7AQ0PMO019EG0KYI,GMC,Terrain,2023,Van,48386,53739
4O6TKAPFNQJGCNN3I,Ram,1500,2011,Truck,34126,-1283
9QPUNRTGVRQPD3JVN,Kia,Optima,2011,Coupe,95789,-1756
PDTL48YO4GJLOF29W,Ram,3500,2021,Sedan,111306,14461
C3QOCBK8KKPQNU5T6,Honda,Accord,2017,Coupe,93282,10747
P0SLXKPQNK38Q5D3Q,Ford,F-150,2010,Hatchback,65011,-4287
CWZ2SXWDKXEEQX853,Kia,Optima,2013,Coupe,87239,5776
DU9Z0WIQQU781WRAR,Subaru,Outback,2020,SUV,74747,20922
42H6RGZL24UGIJNJL,Mazda,CX-5,2019,SUV,135797,25849
JLYZMKT1WAN5TP9Q1,Hyundai,Sonata,2022,Truck,45440,33486
KV0Q6CQKOPRBLCUDI,GMC,Yukon,2010,Convertible,100434,-3472
MT6D2KQD6Y465B8KP,Chevrolet,Equinox,2015,Van,111851,12717
H3Z3O4ZSLPL5H1H1A,Subaru,Impreza,2017,SUV,81430,15413
N21S12JR884HAHDDJ,Mazda,Mazda3,2013,SUV,110877,5697
FZ2MZBP4SV3HSPVAU,Ford,Explorer,2018,Hatchback,10519,11138
TM00BLUROQZIP5PRP,Honda,Accord,2018,Sedan,15048,26215
LOO2YCBQVZCEO31SS,GMC,Yukon,2023,SUV,11854,50663
5DEWUUG16BGLTOAGZ,Mercedes-Benz,GLC,2019,Truck,32341,17731
HCSP8HSYLFH18PVQQ,Volkswagen,Golf,2022,Convertible,85105,37038
NYLUEHLSKCWKIM4QV,Jeep,Cherokee,2024,Hatchback,130287,59487
N7C6PBCZHSPF1A6KH,Nissan,Frontier,2014,SUV,91102,3904
40O9W9PM3696KZAT7,Subaru,Ascent,2023,Hatchback,111004,33673
G3WBCL3F5MMYEKNZ3,Chevrolet,Malibu,2021,SUV,61166,18037
VBH12YVDIXZM0YTO6,Ford,Explorer,2024,Convertible,51297,17425
H2P152BTPGS4DFH4L,Kia,Optima,2022,Convertible,18395,19272
TXD1GVZSA08ND9SOH,BMW,5 Series,2021,Hatchback,81564,42243
9IIL00TZVB792JWW9,Nissan,Rogue,2016,Truck,122763,11659
X6S8RMU1F25EI6SWJ,Hyundai,Kona,2016,Convertible,138014,21258
N2CK55KM6KR7T9XSO,Subaru,Crosstrek,2019,Truck,57885,26877
DLWYTGGP7KL20I9DL,Jeep,Cherokee,2011,Convertible,17321,-915
CDRTWG50HLTL16I9G,Jeep,Grand Cherokee,2022,Sedan,77293,33898
PF3LR79V71TL1869D,Volkswagen,Tiguan,2015,Van,66321,7348
3AUMXVN0G53D8E1BJ,GMC,Yukon,2020,Coupe,124131,20633
L43IPC2JXX7428FT2,Nissan,Altima,2017,Convertible,141985,19463
HLFBXXSOV1DP2OVOV,Kia,Telluride,2016,SUV,59469,6280
1O584BHQNSFQHMG4Z,Subaru,Forester,2024,Coupe,145888,43757
87SHAMAJALAQO1IZ1,Mercedes-Benz,S-Class,2023,Convertible,90131,49134
K7F4W2BM07M3CJ9NM,BMW,7 Series,2020,Coupe,124561,21833
1MMSLRZDQ38FUMYNA,Volkswagen,Golf,2015,Coupe,49430,10833
4VTRVGHPFFRSV9B0H,Honda,CR-V,2014,SUV,93528,8435
C4VWF2KC243G3A86P,Toyota,Camry,2010,Hatchback,107661,-4625
VVWPDBOJQWVZGMCF4,Nissan,Sentra,2017,Hatchback,61002,8897
8IJXTPRK1PWBVZM2P,GMC,Canyon,2020,Sedan,116231,34063
LEV73RWPD3TZ7H9GU,Chevrolet,Tahoe,2023,SUV,110511,38005
R2SHBZDL2VC96P3GR,Kia,Forte,2016,Hatchback,46886,11936
F9MRH3SPFK4OXCEG6,Ford,Mustang,2021,Convertible,106445,37175
NH2XXWFLRAI47PKQL,Jeep,Cherokee,2011,Sedan,71752,-1979
LCKPZ01NBHA6WQGTG,Honda,Civic,2011,Sedan,137512,-757
9PMO36DU4U4IUJAZB,Jeep,Cherokee,2012,Hatchback,80790,1634
H8FMJVBGV4K9B0JXR,Toyota,Corolla,2012,Coupe,59171,2133
8UYSJK9W3G8TUDV9U,Mazda,CX-5,2019,Sedan,57510,26341
ID46HSDFIWWGQ0UWD,Honda,Pilot,2014,Convertible,135802,5369
OWSH2F64E21L1ZILN,Toyota,RAV4,2015,Coupe,69256,11124
Z8DTVZ6QRF5ZQL6II,Kia,Optima,2024,Truck,105076,46640
WEJWCWBCWOBESKRMA,Mazda,CX-5,2011,SUV,80367,-2082
RYJY33YD1Q2ETQNFG,Jeep,Compass,2018,Hatchback,113628,27519
I7FNCTCVHEUPDLLUM,BMW,3 Series,2018,Hatchback,103435,12710
GXTP2RF7YAWZ7W8FC,Mercedes-Benz,E-Class,2013,Convertible,108212,5990
KY1RB80WPIRPMSGT7,Kia,Forte,2022,Hatchback,131519,45131
E5IOA8JNJ4ZG1KUYO,Kia,Telluride,2019,Van,137205,28010
EB2JUT1KCJ83GHJ3W,Honda,Odyssey,2020,Van,84799,15999
8FZADN2EOIHUIF7S5,Honda,Odyssey,2017,Truck,39365,25072
MJHZYFSXOUE3EI1I2,BMW,X5,2014,Van,100103,7758
7IP8G93XQXSJIS4IL,Toyota,Camry,2010,Hatchback,70809,-6299
U1MAPIAA7JXO3ZBXT,Chevrolet,Equinox,2023,Sedan,23093,21103
VALGVG4YJA3CBH3XR,Ram,ProMaster,2023,Truck,122897,20752
D8JHRO8V6BC74FQMJ,Hyundai,Santa Fe,2017,Coupe,92233,23913
28TEQ44S2BD9BM12S,Hyundai,Sonata,2024,Coupe,89615,21287
4DQDYKVOGA3NI54FY,Subaru,Crosstrek,2020,Sedan,137633,32763
R691JX0PABFSFYTEI,Jeep,Compass,2023,Coupe,142404,45586
DLFVVRNIJK9F92XI4,Nissan,Sentra,2016,Convertible,22567,19712
N1KRNERGTCASM0TW1,Honda,Odyssey,2022,Coupe,41567,34907
VH8FVX97NY5LDZ33Z,Mercedes-Benz,GLE,2013,Van,81076,6081
7HG9WUGJH699QNG15,Nissan,Rogue,2018,SUV,148634,23509
3AZW8FO5XAP787122,Nissan,Sentra,2017,Coupe,110973,18657
9R5CH7030J1EGIY45,Kia,Forte,2017,Convertible,89817,8893
U2Y73G1XKX0A8EO8H,Toyota,Camry,2022,Hatchback,23643,28906
KMI2MF1UFKQJFISOO,Mazda,CX-30,2020,Truck,25546,16911
UM0O83TPJEX76A0E4,Honda,Civic,2010,Van,36994,-4058
ERME1R1WKRYSMNM07,Chevrolet,Silverado,2020,Hatchback,129075,40213
J5FTX019RU6R1PSWJ,Subaru,Forester,2019,Convertible,12796,21610
SO86H32NYKLIYE2HW,Nissan,Pathfinder,2013,Sedan,61258,6983
VX02K994SZGGRLQC2,Chevrolet,Equinox,2016,SUV,133312,21225
TZTN1WBQHIGDVO7I1,Honda,Civic,2013,SUV,107985,6892
MHD236YSC2VMY1XTW,Honda,Accord,2016,Hatchback,30753,7085
60L5RRH5K0SZ9Y2QU,Toyota,Tacoma,2016,Truck,108499,21061
2SBGT6Y2L4KAEQW3S,Nissan,Sentra,2013,Van,119635,3957
G8LBQ7UL4G7MSK0P4,Ford,Fusion,2014,Convertible,74165,8753
NLQUSX52810X9YB96,Volkswagen,Passat,2015,Coupe,127032,12620
SBS41KA9T6RIG19T2,Subaru,Forester,2019,SUV,80542,27283
1XCXNBBUKHXEY2K7D,Ram,1500,2020,Sedan,28537,28634
VZ2P1KY2XVZBR0D8O,Volkswagen,Atlas,2019,SUV,73575,28738
ES2ELNVGEEM5CD8V1,Honda,Odyssey,2013,Sedan,130560,6108
EEYX11BS6I2HXB203,Volkswagen,Tiguan,2014,Sedan,47761,10368
81LWTKVDS6JKIRAJR,Chevrolet,Tahoe,2022,Truck,131745,14175
9Q5A3BIM7LOIGHV3E,Subaru,Impreza,2013,Sedan,126105,1990
NVPTX9VXML3YUG0OY,Volkswagen,Tiguan,2024,Convertible,143452,47074
7D8DI6VOK13RW1J7D,Volkswagen,Passat,2010,Coupe,130234,-6496
DXIPBLDMLRH9XI6KH,Volkswagen,Jetta,2011,Van,72143,-972
Q3A8DOIC20SYAVV9Z,Kia,Optima,2021,SUV,140448,43018
3798ET266EJP21ZOI,Mazda,CX-5,2016,Coupe,137865,11865
DE0F0CCC6WHO94O2W,Chevrolet,Tahoe,2011,Van,126999,-2002
EOXWYW839MGTXDGF6,Toyota,RAV4,2015,Van,136884,9636
MKFK0CZYFFO6X87OI,Mazda,CX-30,2024,SUV,108223,56250
QWRSDI6F8WW2VRIR4,Mazda,Mazda6,2023,Truck,15537,49730
IHL16YH91DJNICU4Q,BMW,3 Series,2022,Van,67977,42302
3FUDOZ9WYU55ACUX3,GMC,Terrain,2018,Van,56671,14164
UNLZLWAQB7CB3R1ZD,Mercedes-Benz,E-Class,2011,Coupe,147770,-2055
I38Z9EXRYCYCWI2HW,Mercedes-Benz,GLC,2019,Truck,21853,17091
8UO0TQX8Y293OIU4X,GMC,Sierra,2023,Convertible,147840,53811
KOFZO3UDVT0GMPZL5,Mazda,Mazda6,2015,SUV,59492,13047
ONWJZ5FS9L3V0SWGV,Jeep,Compass,2021,Hatchback,126088,42573
64GOD3NQZIK4KL9RE,Honda,Accord,2019,Coupe,88522,20660
I497MI9MMA7VGLM8G,GMC,Canyon,2011,Coupe,15976,-1284
6ZTEFEHX2BT869595,Mercedes-Benz,C-Class,2010,Convertible,146213,-2109
JPIXGM4DD5NS9G885,Mazda,CX-5,2019,Coupe,83289,17685
ZOP2P6TODGZQE64B5,Subaru,Outback,2023,Hatchback,26863,35017
P9YJI8IQ4DTNYTSC4,Toyota,Camry,2017,Hatchback,13645,23350
WTWKF7K1E4MJ466TU,Hyundai,Kona,2010,SUV,53994,-3544
R8VMEM2J32H59U45G,Ram,1500,2021,Van,144421,11954
5RTG9CQF85743CN01,Chevrolet,Camaro,2015,Van,47052,12000
ICULZ6U5IZ1QSCXJD,Honda,Odyssey,2024,SUV,11389,19145
2WO2QTD50V22OPQ0Z,Ram,ProMaster,2012,Truck,34053,2285
EDES11Q1JJW0Q9Q20,Toyota,Camry,2023,SUV,126287,18567
MYDFPX09RCIGGGKUJ,Subaru,Crosstrek,2016,Truck,138584,14545
96T17WKUCUI6MB6GM,Nissan,Rogue,2014,Van,130753,5524
3NM7OH2UGNSH1U5OR,GMC,Yukon,2018,Coupe,118144,30578
FHCED3KA8173OFRXN,Mercedes-Benz,S-Class,2024,Convertible,55283,16606
7SK138FMN8NXVJXIZ,Ram,3500,2020,Convertible,115190,32829
7TTLEU2DG275WC4JW,Mazda,CX-30,2018,Truck,117829,10079
E9CLD75WKNZU9D97Q,Mercedes-Benz,GLC,2024,Hatchback,85909,51274
XSWF65V4N9Z8N5FVY,Ford,Mustang,2011,Sedan,78041,-1825
63741M8UQDKB2F10M,Ram,3500,2023,Coupe,42005,43241
G00TEDNP62UQ4RA8V,Toyota,Tacoma,2015,Sedan,63836,15879
2UV1L01UW8Z9QMZXV,Jeep,Renegade,2012,Coupe,14798,1588
YAF71VSLPHLVXAP24,Ford,Explorer,2014,Van,13173,9628
TJKP1ADIJ8V7OBRF0,Honda,Pilot,2011,SUV,35084,-1353
P9P9UQWX4KWCOTGGX,Ford,F-150,2023,Van,67542,45987
8Q3ZV09JWTHHHKJZ7,Ram,3500,2016,Van,48495,11390
SLSN2PGMNWP7D6OB9,Nissan,Sentra,2019,Hatchback,141848,9243
907COASJJOBO7KL5Z,Chevrolet,Equinox,2010,Hatchback,47193,-2997
QE0YK3NFRMEHUI7W2,Jeep,Grand Cherokee,2017,Truck,16018,25347
6A5BBIMC60DZ2KS2M,Mazda,CX-30,2024,Truck,40241,16728
SR6JHD05N9LSP9TCE,Volkswagen,Jetta,2020,Hatchback,41541,25170
2Z90KAF1ALUPHR9XF,Toyota,Corolla,2024,Hatchback,104928,56205
903ZAN64GNCD6JTI3,Mazda,Mazda3,2023,Hatchback,32777,25910
XO1OUE4VTBRAKUN7X,Mercedes-Benz,E-Class,2022,Convertible,88597,30948
T21L5BCJHJTWQP42Y,Mercedes-Benz,C-Class,2012,Convertible,75105,2306
CT6Z6JW1H8C53VDYC,Subaru,Outback,2013,Hatchback,144506,3995
DAGANFAO2EQJ56GCQ,Subaru,Impreza,2022,Van,98159,16836
36LWWY536828KTNB5,Volkswagen,Atlas,2018,Coupe,144549,16935
ZEW9FMJUUBK3UWQRW,BMW,5 Series,2012,Convertible,53708,1437
W8C9U73ZMDS5H58BS,Kia,Sorento,2021,Truck,33049,22955
MGZPKTNICQOX09ZGQ,Ford,Mustang,2017,SUV,123532,10183
TCAXTGR237P6K378O,Volkswagen,Tiguan,2024,Van,117658,58442
RP0NYU6RD35ZWRK5W,Mercedes-Benz,GLC,2017,SUV,112410,20151
NDSZKZYS52TEO2KZ8,GMC,Acadia,2013,Van,106247,4795
B9GUQ7PCEVCKGY3HK,Honda,Accord,2023,Truck,39579,47507
X3TIVT9PDOKIBHDEK,Jeep,Wrangler,2022,Hatchback,148858,22532
UYXJYCFCPCWPAT0NU,BMW,3 Series,2021,Hatchback,14240,39828
H2SAQLTDS34LRKNO9,Toyota,RAV4,2016,Hatchback,33665,15576
2CYHNCNH2P6R2KKCK,Ram,1500,2018,SUV,19437,28974
COAF7D7OSYPTTZON3,Ford,Mustang,2012,Truck,142745,1010
KE8JISGWX9O5JV40I,Hyundai,Kona,2020,Truck,38564,34231
E6742ZVL1775LOLTG,GMC,Sierra,2019,SUV,141467,28677
7BL94ON1AHIDIMBZ9,Subaru,Forester,2024,Hatchback,53031,47247
A2TENFY129O6NL62H,Volkswagen,Atlas,2013,SUV,142357,6558
4OG0BIA1N3WAL9NB1,Ram,1500,2014,SUV,20867,6175
IHYVMT1ZI1UP599AI,Volkswagen,Jetta,2010,Truck,104908,-4467
Y3YIKZAQD2GPWSD5W,Toyota,Camry,2015,Coupe,72871,10835
W9HC8O59XRQGNC5IC,Honda,Accord,2013,Coupe,49105,5745
KEPQ1X9OCE22DNQPO,Ford,Fusion,2017,SUV,85257,9390
8DRHL2PNOO68TVCVO,Nissan,Sentra,2017,SUV,90683,24768
GFAER7H4EC8FKKGBG,Toyota,RAV4,2013,Van,20201,6440
3FGC7EVEL8LYG9Y9W,Ford,Fusion,2010,Truck,144387,-5338
JKG5RB69M5IONXZDZ,BMW,3 Series,2016,Coupe,58200,11940
0C95LWASTB8FJ3IMY,BMW,5 Series,2019,Truck,55584,10035
WFNI7ZTEHUZ1PLX3C,Subaru,Forester,2020,Coupe,106580,30323
91GMG46E0WVXZOU6B,Nissan,Sentra,2023,Truck,76210,21369
DE8VZLTUEY46KLZ6P,Ram,3500,2013,Hatchback,52123,4678
G0V9SVN73GGGZK5F3,Chevrolet,Tahoe,2010,SUV,107443,-6535
73NUXQYINEDMNTYNR,GMC,Terrain,2010,Sedan,135526,-6430
WJX4LYK3MIPTJXYKH,Mercedes-Benz,GLC,2011,Sedan,101858,-1555
QL78ZD0WC4RYYLYZP,Hyundai,Sonata,2022,SUV,18877,33255
CJYXW9H1VH8Z2T45X,Chevrolet,Camaro,2014,Truck,80528,5259
ESG71WLR6QPGIGRL7,Jeep,Grand Cherokee,2012,Coupe,114964,702
F4XVIXO6A32NY6SXC,Kia,Sorento,2019,Truck,102132,12741
A36WC69LO3H8Q5U1T,Hyundai,Tucson,2022,Van,37977,40582
UG59U4DW2X5CBYHQH,Mercedes-Benz,C-Class,2015,Sedan,59693,6062
ZGU61OSMCIM2033TA,Ford,Fusion,2017,Van,104082,26271
X9ELDJY65BFYUEG7T,Kia,Telluride,2011,Hatchback,45268,-800
TEFCNWNE1JAF8I3W7,Hyundai,Santa Fe,2018,Van,15138,9961
BOST5XGZBWEJT4GIE,Toyota,Highlander,2024,Coupe,30932,43910
BS2UL6WYN99J8Y2RM,Hyundai,Kona,2021,SUV,69733,23071
4PSLDHUOUZG7AQFEF,Ford,Escape,2023,SUV,108036,18457
XRSXF6QJ6EERZRW5T,Hyundai,Kona,2013,Convertible,140359,5617
G5VJ8WQ4IY1D4MWUC,Volkswagen,Atlas,2013,Sedan,67747,3897
40QQQP77PYF15T0OZ,Mazda,CX-30,2014,Convertible,64450,8998
979AM9IK2HCDK6IOC,Jeep,Cherokee,2019,Convertible,43204,12389
88ODXUIN1TQL7T0YX,GMC,Terrain,2023,Hatchback,35532,51025
22PHYI1ZY9OFPUDB3,Kia,Optima,2012,Convertible,149892,2308
YEIFBEDM8PN8ZZYIU,Jeep,Compass,2024,Convertible,21011,32227
97H691VLEL5FXCI0M,Honda,Odyssey,2011,Sedan,18588,-1348
4Z0F83DIKIKE3HZKR,Volkswagen,Jetta,2017,SUV,47348,14471
R4L1PJ9HZK8UQGHFV,Nissan,Altima,2016,SUV,99307,8089
2G83MAAY1T76798GU,Mercedes-Benz,S-Class,2020,Hatchback,123903,40602
EFFBENDL3AQYB13CB,Ford,F-150,2023,Coupe,45234,50142
C4TC6MN4EKWAHCDI3,GMC,Yukon,2010,Van,13582,-4643
VBBB5T03RL9NJ7PR1,Hyundai,Kona,2022,Hatchback,142138,49602
IXUK1WN7LBXL9E3JM,Subaru,Crosstrek,2023,Coupe,146952,34430
IC9JW7NS1VVA3VGH8,Mazda,CX-30,2020,Coupe,137748,13038
XHQLUBL04WXBHWF6D,Kia,Sorento,2019,Hatchback,75424,14823
Q93UXUCZEX5FM7JNT,Toyota,Corolla,2012,Convertible,11822,1378
IG8B2J6WQB1NVJERN,Kia,Telluride,2011,Sedan,102024,-1909
69K9WRENS7N8B4STY,Kia,Optima,2014,SUV,56981,9825
Q6CBTLRHT770O8ZG9,Nissan,Pathfinder,2017,Sedan,63994,15693
3QCSFIRG5OEK69YWY,Volkswagen,Passat,2012,SUV,63025,1448
E212ZHOR9EXQ02GY0,Ford,Mustang,2022,Van,122715,48619
37C2WTLCOWQ6QWL3M,Nissan,Rogue,2011,Convertible,47345,-1515
N77ZYNCOWRMZWVAT7,Nissan,Rogue,2023,SUV,95836,18565
WNU32OLEQ4WCLJQKJ,Jeep,Wrangler,2010,SUV,67793,-6815
VKHGY9RN7QR0GUCF4,Volkswagen,Passat,2023,Hatchback,16101,39564
ZU9907YITFRYVTO3P,Nissan,Altima,2015,Van,74576,13331
T97P1E17VMBH9Q80D,BMW,3 Series,2019,SUV,61773,13680
KAPJCDM4V9MZ6IC8E,Honda,Civic,2015,Convertible,60520,7271
LEJ5HF99S5ERAGSV5,Toyota,Highlander,2019,Truck,126787,22732
TA78PACK5ZBQQXHJ7,Honda,Accord,2024,Van,22430,16579
OJFR3R299JNQE0JJ6,Toyota,Highlander,2012,Sedan,148025,1405
NIS8OO8A864F9483D,Toyota,Camry,2013,Coupe,58290,2147
66BZXM8RZB3IP4VN6,Toyota,Corolla,2017,Coupe,93662,11525
BQQM3EGOJ3TPE7ILK,Honda,Pilot,2017,Coupe,123133,14846
FMWAHYU3VPV5RN8NI,Kia,Sorento,2015,SUV,58099,11742
5WJBJNHJ0ZGBTDZVQ,Nissan,Pathfinder,2010,Van,94955,-4281
IF1ZNX41DX2ZOXGPE,Chevrolet,Camaro,2011,Coupe,65697,-1547
DUIZ4VQF4SLJHBTK2,Subaru,Impreza,2014,Hatchback,17694,10764
J4859A1QN8P5AQQ1F,Kia,Sorento,2016,Truck,68305,20938
ZL9M8YNIE8HOERPJ7,Volkswagen,Jetta,2013,Hatchback,40437,6791
8GEAAKNU2KF2M7098,Toyota,Tacoma,2024,Truck,129911,57984
48PU9UP493IHHOWOI,Jeep,Wrangler,2017,Coupe,11449,21910
DF9Z4LPZVQR8U035Z,Toyota,Highlander,2012,Coupe,90519,892
1WGWP6QVSZXSSH88E,BMW,X5,2016,Sedan,143149,18232
2LK7PJC3CHZG2T8LS,Mazda,Mazda6,2023,Convertible,18654,52311
H1GH1J3Q4EM9RMVW4,Ram,3500,2015,Convertible,136862,12326
YVH1BMRADQ6HMCCP8,Jeep,Cherokee,2010,Sedan,16230,-2321
U4QJRH8MNENXHJ9AA,Hyundai,Tucson,2022,Hatchback,105251,38809
CABRMUNA84RZOBXV4,GMC,Terrain,2011,Sedan,76063,-922
AIGJWJUP0TPJVY2LG,Honda,Accord,2010,Truck,87144,-2503
YNU08DGQ12EAQ7O8T,Volkswagen,Passat,2013,Hatchback,145794,5329
OLB4Z5I8VZXV34B81,Jeep,Renegade,2010,Hatchback,15940,-4809
Y3MIFYJRYWBKCHV8G,Ram,ProMaster,2019,Sedan,46220,15225
LPMEF6Z8ORZA7AFXZ,Honda,Odyssey,2012,Hatchback,115439,2306
S9T4DJ7LZ1MSZD4JC,GMC,Canyon,2012,Truck,74757,982
44Y7VNDAWAU0I0Y0G,Ram,1500,2012,SUV,81407,1414
K1PCADR7VJTGWRK66,Nissan,Pathfinder,2019,Coupe,130736,30357
88BMLCVGBW63IDLJ3,Nissan,Pathfinder,2011,SUV,132245,-965
QK1OQFDBEXOP9G01H,BMW,X5,2018,Van,72586,28732
1B03JE03IJBUI15UY,Jeep,Wrangler,2019,Coupe,56457,17203
24J3U3OI2HA0T3YUN,Hyundai,Elantra,2011,Hatchback,132429,-1525
Z9H394UJWQK3EW0SS,BMW,X3,2022,Truck,82525,44380
CUFMCNJ717YUP4SKZ,Mercedes-Benz,GLC,2018,SUV,88856,20073
0S42ZNR7YG5D77NXI,Ram,ProMaster,2018,Coupe,101311,26538
Z88CVTM2ZNDZIZLSL,Volkswagen,Golf,2018,Van,59451,15393
5AGQ7AGAICUA6YIH1,Hyundai,Santa Fe,2012,Convertible,16436,726
QKN74I77BDSUW4VQ6,GMC,Sierra,2010,SUV,72807,-5973
QVP68ZAAWELLPTCZD,Subaru,Ascent,2016,Coupe,47031,15708
H3F9DBK2SXXZEB58K,Mazda,Mazda6,2020,Convertible,123075,32726
35VQWPP9I7WJZMB9R,Jeep,Wrangler,2024,Hatchback,62038,17412
NFK0LJMEA3DDO89ZQ,Subaru,Outback,2017,Truck,62935,10094
Q5A3LYHT5AJEU2W3H,Subaru,Forester,2011,Coupe,146963,-1408
V3H3THIB2X0NE8Q57,Nissan,Frontier,2016,Convertible,93846,13401
O9WMBPOX1C6OM106U,Kia,Forte,2018,Coupe,101708,21337
NTGBGROOC256O3DLB,Jeep,Renegade,2016,Convertible,77225,8841
NKXCB1BFGCYWB2D22,Mazda,Mazda3,2020,Sedan,13228,34139
NRPTLOIWE15B6Z2MU,Mercedes-Benz,GLC,2016,Van,84595,9456
OIJLVYU1HJ78MPCX1,Hyundai,Elantra,2020,Coupe,14093,38825
4FBM0PKW1GE7HUGRW,Honda,CR-V,2018,Truck,93335,27444
C00HVJGKB3GTIYLQC,Chevrolet,Malibu,2021,Hatchback,44318,12948
NWILT6ZAPZ9WUQXHP,BMW,X3,2024,SUV,30668,35544
ERH9XM8W93MZ7HQOI,Jeep,Grand Cherokee,2024,Sedan,67420,48685
NLSGOFE27T36U66KG,Mazda,Mazda3,2011,Van,136715,-1103
BFLCZQ9605V325W1O,Subaru,Forester,2013,Convertible,80223,2656
4NLA121XCNXAV85KU,Volkswagen,Tiguan,2012,Hatchback,57962,1541
TUXDCE6Z0695PTJI8,Volkswagen,Tiguan,2017,Sedan,114924,7565
F2LPAV2RGZUU0FS6P,Honda,Civic,2015,Convertible,18163,6937
GRO8MWZGYDU2RQJHJ,Honda,Accord,2012,SUV,144734,1539
B4WCSCS4AQFWXJK1G,Mazda,Mazda6,2017,Coupe,67210,6617
LKNVYJLI7A6WKUNJ6,Mazda,Mazda3,2018,Van,64528,21189
NJQ2IWSIVOEM1X0C0,Jeep,Wrangler,2016,Convertible,91944,18308
4VZZHWEZHF9XFR1EM,Subaru,Outback,2013,Van,124446,4010
MS7RW383O3RNB8O7Z,BMW,5 Series,2013,Van,143963,3119
WO9QP45GFNH4KQU4X,Honda,Civic,2022,Hatchback,99976,28042
SA2XRND070VFA55IM,Ram,2500,2023,Van,119482,16459
OBE3O1AKIWTTDUR79,Jeep,Cherokee,2023,Truck,24718,45161
IXE6MY8O2VAPG7W4J,GMC,Terrain,2012,Coupe,78952,1206
N85OQD2F6J313BSR3,Chevrolet,Malibu,2023,Hatchback,45392,52327
QQ3MI7RXNUEZVELEG,Toyota,Camry,2023,Van,68858,26548
EO5D7CO4Z2ZQ1L3W8,Jeep,Grand Cherokee,2015,Truck,56897,14078
IK20ZJ5N24WI40EE6,Ram,3500,2012,Truck,144113,816
0NM7LMZH7OD1TVE4Q,Nissan,Rogue,2010,Convertible,90228,-4212
YC4ELY1TX354PCL6D,BMW,7 Series,2016,Convertible,79164,8071
UHJR8GYHS8XT12ZLG,Mazda,Mazda3,2012,Hatchback,116000,1884
U4FVSHRT26WA4HRGF,Subaru,Crosstrek,2016,Coupe,100501,21330
3K7KW1G7716FEZVNE,Chevrolet,Tahoe,2011,Coupe,117981,-853
CC736VZG4Q9SNZOSW,Nissan,Rogue,2021,Hatchback,98846,35235
CKDUMBCQJNNGLII56,Ram,2500,2018,Van,15941,27094
GCHOT21YVJ1L93IP4,Chevrolet,Silverado,2018,Hatchback,49566,29623
A9TBWL9M1ZLHJ0YZQ,Mercedes-Benz,E-Class,2013,Truck,72798,4912
55QBCGCP1ZRPM1CNY,Toyota,Tacoma,2014,Van,146308,7537
NPL4PH5VXNVS5C1DV,Ram,2500,2020,Truck,40285,14959
L2J4L61YV5V01303D,Jeep,Cherokee,2019,Hatchback,94194,15519
KW8BP2VCE7Z1JS0YD,Ram,2500,2021,Hatchback,82015,38608
DLWRURWOH5996U4M1,Mazda,Mazda3,2022,Coupe,102421,40673
PARBV4PNIEAZV36WR,Hyundai,Kona,2021,Truck,55592,22046
EGGUY4LKGT93XVQ2T,Ram,2500,2014,Sedan,149947,4114
QVFGONBJD18010BWK,Volkswagen,Atlas,2017,Truck,65421,7176
S1IBGTANKYCL2T6BY,Hyundai,Santa Fe,2017,Hatchback,91932,12945
268VO33UF0DBDQISI,Chevrolet,Equinox,2010,Van,29658,-5618
J1HID03DC28ODZUII,Mazda,CX-30,2015,Coupe,65045,10856
N50024LGT6KICDRYX,Mazda,CX-5,2016,Sedan,35963,17058
B3UPAH5LT64OUW1VB,Mazda,CX-5,2021,Van,106580,37591
UX8CTED6EL83GC1PQ,Chevrolet,Camaro,2020,SUV,100819,16503
WQSTS79IHA8YICTBX,Subaru,Ascent,2016,SUV,63384,12547
EHXMTD6E9XO36U1P1,Ram,ProMaster,2021,Coupe,58177,35925
XSQ5PRFVAVRMV44EM,GMC,Terrain,2019,Hatchback,21055,30537
OIN8XF21MSA9RCQ7M,Ram,2500,2010,Van,121221,-2057
QE0FWDXIKHHCHS4VB,Mercedes-Benz,GLE,2012,Convertible,80031,946
JEDY49YFS9EX91F5X,BMW,3 Series,2015,Hatchback,110635,10591
ZYMAS01RBRR8J0UFH,GMC,Sierra,2020,Truck,17507,34519
7Q0DGKSW6E02Q12D8,Kia,Forte,2019,Convertible,14068,18441
HN4DHQL85OF0DHDX3,Mazda,Mazda3,2014,Convertible,24063,5222
81KEJ6EGDWP4VQMJH,Kia,Sportage,2017,Convertible,13067,18698
KKYQ0O7Q85BVIWHHF,Jeep,Wrangler,2014,Coupe,120026,8083
NCF752FEH48GRGO7F,Chevrolet,Malibu,2015,Sedan,38902,4827
G4G15KSEU8UEO7TRP,Jeep,Compass,2015,Coupe,134084,4608
4XDKID4NO72JAO5YA,Honda,CR-V,2021,Coupe,75454,33880
CWED3L8XWFSL7I4EQ,Mazda,CX-30,2012,Truck,32083,2377
34AW7N6BA9FH9FRUW,BMW,X5,2017,Sedan,48004,21489
WHR1VO495LVEENJGE,Jeep,Wrangler,2014,Hatchback,103041,7532
LLRVK347HH5UMR5EU,Kia,Telluride,2022,Coupe,53971,21868
UZJ3POJB8G2NTXJVD,GMC,Yukon,2011,Coupe,23179,-1690
USGKV51M92SRBVBA6,Kia,Optima,2018,Hatchback,46796,30212
BN2OJU14X6CPYE0UY,Honda,Civic,2020,Hatchback,130320,24688
JU7P0ZYAWYSI587DT,Volkswagen,Jetta,2011,SUV,85365,-1793
664SCUY04EKH4NTTN,Honda,Civic,2024,SUV,39751,16956
BEAZTS96FPS5FPC5W,Chevrolet,Malibu,2014,Sedan,66471,7103
473GBRQUBU5N4GP2Q,Mercedes-Benz,GLE,2010,Hatchback,39737,-1983
TVMDIIRJI4A0IT7BO,Nissan,Frontier,2024,Coupe,76763,46485
9V3IEAH2Z6QRMP1T2,Mazda,CX-30,2011,Truck,56701,-935
75Q1DUSDLSE0FFJ6D,Honda,Pilot,2014,Van,132317,9154
QW2D4EXXA58LFVCDM,Jeep,Grand Cherokee,2014,Van,59154,10787
OORKWKIEED20EH56F,Mercedes-Benz,S-Class,2017,Truck,78834,17400
SAZ0W8LL6G9DB5237,Jeep,Grand Cherokee,2012,Sedan,81068,1810
N7QS8URZZ66E7SD63,Nissan,Sentra,2012,Sedan,93570,833
1EA69EJAOR43HBGVB,Ram,1500,2014,SUV,54916,5938
OY9J21A30EDFHTRZX,Jeep,Grand Cherokee,2010,Truck,48461,-3105
X297JDWYBXFHB7F1H,Mercedes-Benz,GLE,2013,Van,93943,2352
LPIM7GABC6X2IT8DR,Ram,2500,2018,SUV,14139,16516
TXVF5QMAAVHPDT1R8,Mazda,Mazda6,2023,SUV,57035,42800
CKVMHC7YBYF48ZROX,Volkswagen,Passat,2017,Truck,53174,13723
Q71QJCRAGC8ZVJWVK,Jeep,Compass,2014,Convertible,38299,11037
DU6MB64VFGA9NY9F0,Chevrolet,Tahoe,2019,Convertible,116604,25036
UJQ3TMAUEYQGGKFYK,Mercedes-Benz,C-Class,2020,Convertible,105691,26527
CVKAL05OHEPF153YL,Jeep,Cherokee,2022,Truck,97496,21000
WH6XEAWYVY9ZQNA9J,Mazda,CX-9,2024,Truck,115444,27138
UWG3RLWN7J6M4KQP3,Kia,Sorento,2011,SUV,56243,-635
G9SEB6M7ZQDMBYC81,Mercedes-Benz,C-Class,2022,Convertible,49351,21698
ALKPJX0HZY00T9ZNQ,Kia,Telluride,2023,Hatchback,30125,24421
I7H5RA7KOW77XIS6Z,Ford,Mustang,2010,Van,68142,-3493
4MO2N0UIH52XVIN6T,Toyota,Highlander,2018,Convertible,113657,20719
G6KT91HHCUK7MVTEN,Hyundai,Tucson,2024,Truck,35244,16612
GISE69XIXSBGMN3J7,Nissan,Frontier,2022,SUV,37113,39879
1Z15LAJMK2LADNXEF,Toyota,Camry,2017,SUV,101145,7148
KEONY61ZXXMEM0TPL,GMC,Yukon,2014,Sedan,57818,10996
XEPAU1SKZZ79ZWQJ3,GMC,Acadia,2015,Convertible,18088,6556
IXREW9NG8N37JUR2B,Honda,Pilot,2011,Convertible,30197,-1126
331AH438GZFD81CGK,Hyundai,Kona,2012,SUV,111324,1917
ZT48QTDMJO6UYTGBH,Honda,Accord,2017,Coupe,51689,8138
FMRB2O5WD1U51DM4D,Jeep,Renegade,2011,SUV,149201,-1602
9GN9O8A0BO88UIVO8,Jeep,Compass,2021,Hatchback,36399,35654
FQQNJHXXTIKA6CMWT,Kia,Forte,2015,Coupe,45495,14192
WU18NOH6HUKTB3C5R,Hyundai,Elantra,2020,Sedan,146911,17599
HLJLIEANQVY0AKVVA,Hyundai,Kona,2013,Convertible,38493,5471
NZV9SKZJ6H10HHBHK,Volkswagen,Passat,2010,Hatchback,121434,-7052
766S5WL8A0PX6UQIU,Jeep,Compass,2011,Convertible,128979,-803
M95MT3ZN0EK2MJN4D,Subaru,Forester,2010,Coupe,122179,-4878
2QJF3MYSRLH05NVVV,Ram,3500,2020,Truck,60389,12135
HM4VSN6TLMT8XE0N9,Hyundai,Tucson,2016,SUV,131805,11959
MK7G4NT14KX3YZWE4,BMW,X3,2021,Hatchback,90192,35203
XVOMRMA09WU47GDJ3,Nissan,Sentra,2012,SUV,123929,1843
D3J5TFT00IVNN1XZF,Mercedes-Benz,GLC,2021,Sedan,131051,12432
IZZ065QJQYFUKWS9Q,Subaru,Outback,2011,Van,137016,-1693
SUHUWBXDYYFR0M3NJ,BMW,3 Series,2020,Hatchback,10681,35003
TF3LIW08PCQHIVPBC,Chevrolet,Tahoe,2023,Van,50732,36146
Y0QVOPVMLS677D1DC,GMC,Yukon,2024,Van,68404,45407
VCDLHSQSCRII18HMQ,GMC,Acadia,2015,Sedan,53638,6393
2OS5PFIVKS1IGTGDH,Honda,Pilot,2012,SUV,147980,910
FTXDPH88JSNHTF39Y,Chevrolet,Tahoe,2015,Coupe,20706,8460
F5FUK7VDFK1BNIS6Y,Chevrolet,Malibu,2015,Coupe,131042,13159
IZ3COBXDNRI5B7OM9,GMC,Acadia,2011,Coupe,38968,-1821
GQ4ERIJAPEGQJKY4L,Kia,Optima,2020,Sedan,14508,26862
31QV4643HEW9GKVH1,Jeep,Wrangler,2020,Sedan,82465,30922
AD6QYKAMRHXYG5CTW,GMC,Yukon,2020,Sedan,64109,15576
KTFPOCUMDQ8NW2SH1,Volkswagen,Passat,2017,Coupe,64489,9081
K94LEXQ9UXRXI3NOE,Jeep,Wrangler,2023,Coupe,20442,27473
3OXI8ZQQ659NC76HI,Hyundai,Tucson,2014,SUV,137224,4081
PA842AECAFD6OQ7W7,Mazda,CX-5,2012,Van,144469,1880
WWIFUYTLQ94WKU2VY,BMW,X3,2010,Sedan,77704,-4281
ZRJIQ4MUX6MCBQ40S,GMC,Sierra,2014,Van,139718,6003
03KLLZVR6NU5NF1TC,Mercedes-Benz,GLE,2012,Convertible,69321,1410
O0WUGY3P5G3ENQQQE,Mazda,Mazda6,2017,Coupe,11073,10350
2DV2DRBO96YT6J7YT,Toyota,Camry,2020,Hatchback,76728,29602
SF3A05XV6DAXWLO0A,Chevrolet,Malibu,2018,Van,80734,26041
13RO1UVWP4G2915W3,Volkswagen,Passat,2022,Van,42474,43226
5F3XVGW4TJ1OWZ2UG,GMC,Canyon,2015,Convertible,57029,5016
1Z1ZAV42JHWBR74RS,Nissan,Frontier,2018,SUV,132954,9223
94EZ244HAOU07LFUY,Hyundai,Sonata,2021,Truck,16508,37480
8MJWJKYM5V1UJ6HKR,Hyundai,Kona,2019,Hatchback,127112,10229
FN5VOM83ZBUSIGIJP,Chevrolet,Camaro,2022,Van,57865,27594
R9HS55CO7U9YZDSU9,Chevrolet,Equinox,2014,Truck,17332,7849
FQ66541E4P42FUVK2,Ford,Mustang,2011,Convertible,114056,-1142
O6Y87M08AJULIR3EA,GMC,Canyon,2010,SUV,127763,-3401
KLRFDV18638BQ7N7L,Mercedes-Benz,GLE,2022,Convertible,50104,37780
3V4GNBRA8NYCZBG2Q,Kia,Sorento,2019,Convertible,139889,35646
O78RJIE200AN9KN8C,Mercedes-Benz,C-Class,2016,Coupe,104991,20498
KT6W5BZDWHHJTS1H8,Honda,Civic,2020,Convertible,19279,24173
5IWAOM3HY8PO7VO9Y,BMW,X5,2010,Truck,35178,-6196
2EAB24ZE8CMYEUHUR,Subaru,Impreza,2011,Convertible,27453,-1902
HZSF9JD0WCIMN5WA5,Mazda,CX-5,2024,Truck,144240,30753
QT6JMXOINXIQ7GGEM,Ram,1500,2020,Convertible,76861,34156
HVB9ZSC1ER7RX4W5B,Mercedes-Benz,GLE,2019,Convertible,122928,12135
HF2FYPWRQ37F0SW3A,Kia,Forte,2019,Coupe,116424,11278
MI3BU5OOJ81G90HWQ,Chevrolet,Silverado,2020,Truck,74850,23381
FHWE0UBKN7KNWIB4Q,Nissan,Rogue,2013,Truck,117668,6726
UC55CS141X4IQMN1Z,GMC,Yukon,2014,Truck,109914,11441
0P84V3DZEM7CGPW5V,GMC,Canyon,2016,Sedan,28136,15780
XPFXE3BUA4DXIU6UV,Honda,CR-V,2020,Coupe,46357,22942
8MKI2IBYVTICC5554,Toyota,Camry,2022,Van,74911,34246
CIKKG7C8Q28ZXLODG,GMC,Sierra,2012,Van,13860,675
MJNW5ED155D91T4EC,BMW,7 Series,2013,Sedan,96275,2153
4N3DJTD4UV796GJTJ,Ford,F-150,2011,Convertible,126253,-1463
4FM48A469D0WDHDTK,Kia,Optima,2015,SUV,68196,5143
6QFZNAODM32Q24KH9,Honda,Odyssey,2013,Sedan,100045,5527
FQ4H4Q3FGFDNOAB0T,Kia,Sportage,2017,Convertible,96961,22832
GHP0S4Z06M8FZZPHK,Jeep,Grand Cherokee,2024,Van,80568,16588
9WB4Q3MREFUO5PP98,Hyundai,Kona,2016,Hatchback,111112,15482
HABMSM7D4XJ0WOUT4,Mercedes-Benz,C-Class,2013,Van,35024,3572
O9T1KAA84BDIAZ5EV,Nissan,Rogue,2010,Hatchback,122183,-5936
EV30GZ6GAQ7RPPJPY,Jeep,Renegade,2020,Van,108585,22355
3MNNOJIJCRFSHW364,Jeep,Compass,2023,Sedan,34176,20591
MD6OXVIQQELA7OOWG,Volkswagen,Jetta,2018,Hatchback,78901,18045
R3T3UUJ5CGV76LY2V,Jeep,Wrangler,2016,Hatchback,31172,19131
8XNUJT37XTDSU9PTV,Ford,Mustang,2010,Convertible,62274,-3479
EGHB5DCGSPTBC8ANZ,Mazda,Mazda3,2021,Hatchback,138061,34833
N6V0LQWIUE32UD6MJ,Ford,Fusion,2011,Convertible,17012,-1407
CM3VK7S7XFTRXZ9NJ,Chevrolet,Silverado,2010,SUV,107334,-6300
59Y5WZTQ7RXWK5JS1,GMC,Canyon,2016,Convertible,72916,6954
01SFPIRV0C8733HLQ,GMC,Acadia,2011,SUV,12082,-666
QQ3QL9N7QDL4E5HY6,Ram,1500,2020,SUV,91092,36327
KRF7MJ1V8J6UWV86C,Ram,ProMaster,2022,Coupe,95854,39657
OD5PH2QHWT5ZDFD4O,BMW,5 Series,2013,SUV,92772,7148
C0DDPN0ELQA48891J,Ford,Fusion,2024,Convertible,107169,43078
TFSIZTH8ZRKQIZ1MH,BMW,7 Series,2012,Coupe,63598,1992
IHVI2QDMPBA5S6ERA,Ford,Mustang,2017,Coupe,29284,22958
8EGUYI1HWASY4Y6S6,Kia,Sorento,2015,Coupe,16448,4991
H5GT61TN8PSP7W16Q,Honda,Accord,2017,Truck,12533,21884
TO59EOYISMRD55TAU,Chevrolet,Equinox,2014,Coupe,93267,5437
58WSDGRJDMK612B1G,Nissan,Rogue,2024,SUV,133180,54258
OHPKYWLFD5Z48HLD7,Ram,3500,2022,Convertible,60727,44436
2UTBSSTRVVZB37YEV,BMW,5 Series,2017,Sedan,144664,11836
6AQ37C6KCRU6KFUG8,Subaru,Impreza,2017,Van,112869,17504
HP3AXH5HZT2BM6C6T,Kia,Sorento,2020,SUV,14783,30037
AAX0OQRJBQBWVRTPD,Subaru,Outback,2020,Van,131718,15614
OEM4UVR8MQO4MXGWK,Jeep,Wrangler,2022,Van,74717,18357
QK1UWCSGDD8PP55ZN,GMC,Acadia,2022,Hatchback,84796,21324
5XN98PV51Y7X1A21C,Jeep,Renegade,2010,Truck,54976,-2680
6CCL9CA4F8XCQRRYO,GMC,Acadia,2019,Coupe,42333,25954
Q49QUWR01E8KKG6IV,Subaru,Ascent,2013,SUV,146709,2662
ERZ3N5DTYZUGWICZT,Mazda,CX-30,2020,Hatchback,96806,28464
HU1NTX67OQ9FMUGR4,Nissan,Sentra,2022,Truck,11941,50049
JEDZTGD70VOGL49RJ,GMC,Canyon,2012,Truck,45399,2304
X3ZSGOQ7MJD28QX4U,Ford,Explorer,2020,SUV,96717,34769
8YHM0188NWOK8CLBO,Mercedes-Benz,S-Class,2020,Convertible,62135,26183
WCNDEGPJBT9VEJDNS,Hyundai,Kona,2016,Van,82468,14344
6E39PTP51RANH400E,Ram,2500,2022,Convertible,143109,34072
09ZBFPDB8A90R41JU,Volkswagen,Jetta,2015,Hatchback,34730,9142
O6R6ZLM1TNB2ULXYP,GMC,Canyon,2012,Van,11849,924
9EBYJHDX69QBA4DPU,Subaru,Outback,2011,Hatchback,56029,-2002
8JWO950V82VL91K3X,Honda,Accord,2013,Hatchback,102282,5292
3LIMYT23BX5AJVDNC,GMC,Acadia,2020,Truck,86810,12426
U1ZD2R7NQMJR3S899,Mazda,Mazda6,2019,SUV,77599,25537
2LGKDKOXMLJ8L6XJD,GMC,Yukon,2020,Hatchback,72800,22654
EETH0706TO3W8Z5M2,Mercedes-Benz,GLC,2018,Truck,74161,10587
AN47HLB011QUQG3TL,GMC,Sierra,2013,Hatchback,35115,4160
GJOG8L0GL9XB1KZFX,Honda,Pilot,2013,Van,126481,3411
Q1P3BO90HHSR8AG3X,Ram,1500,2020,Van,127520,25978
QDYBV3CEG0DK9K28L,Subaru,Outback,2012,Hatchback,147545,1211
MH57TCRDF5481TW97,Mercedes-Benz,GLE,2022,SUV,107039,26323
90TPBWHXXIQM5X81L,Volkswagen,Golf,2019,SUV,127680,30430
16GUEOVU5D091O96L,BMW,X5,2016,Convertible,10204,5700
95HWFZC7NQIYGW2AK,Toyota,Camry,2023,Truck,126338,20932
VXJD6WOB8XK1LF5VN,Chevrolet,Silverado,2023,SUV,22007,17452
HCCZTL3K6YD0I2GVI,Volkswagen,Jetta,2016,Coupe,123260,11818
WNLPR6HI4GZT820C2,Mercedes-Benz,C-Class,2016,Convertible,89400,10752
OJ5KK3IQ4VBE5H2H8,Kia,Telluride,2010,Truck,89865,-3374
J6W5O6S1OZHOIXVS0,Nissan,Altima,2017,Truck,135498,21324
TZ0B0E9I7AHVBL8YV,Mazda,Mazda3,2011,SUV,31929,-2104
LIIUH4FD9E9A4VU4G,Volkswagen,Atlas,2016,Convertible,114069,17149
1857P824Z0GAWC9SE,Mercedes-Benz,GLE,2013,Sedan,23686,4557
VHBNAN1J3KGEUPMR5,Volkswagen,Tiguan,2013,Sedan,53801,5915
MFITPAL5Z0WXHBI1R,Subaru,Crosstrek,2019,Truck,91459,26059
QVCD17UXM43UE9ZB2,Kia,Sorento,2024,SUV,91567,20604
S8MRV60EF2EQPEX08,Kia,Forte,2023,SUV,10312,44500
T2BLRS7Q4ZU00UHKT,Mercedes-Benz,S-Class,2017,Sedan,104125,21917
NLE0DU9UXXTWBKE48,Chevrolet,Tahoe,2014,Hatchback,45016,10610
D4ER4QPAA18BIIM5G,Mercedes-Benz,C-Class,2016,Coupe,77067,12859
T2BXADG2IACZNEQDY,Hyundai,Santa Fe,2015,Sedan,72408,13096
5V3XN0W2EVAPDHT0N,Jeep,Renegade,2018,Sedan,10256,30431
9LGQGM26ZKCUBLWO0,BMW,7 Series,2016,Hatchback,54836,18481
QWAUWKH1VZX1GFDIA,Nissan,Rogue,2015,Convertible,136895,9401
61LPMDFOGHVFZX358,Subaru,Crosstrek,2016,SUV,105056,17472
V9JIH43T3USO6S7K3,Volkswagen,Tiguan,2022,Hatchback,137586,15797
4509WT2AVRPMN4ZBK,Subaru,Ascent,2011,Convertible,21859,-2018
HJSQBNTE9ZDHE7EE5,GMC,Acadia,2024,SUV,32754,30109
Z57509O4HDJRZBUAE,Subaru,Impreza,2011,SUV,115943,-1297
GOCGB1KKA1ASK39NI,Ford,Explorer,2019,Coupe,12698,30837
EBLS5E4YY2EHBM2PP,Nissan,Rogue,2019,Van,10436,17530
AFN3XPYH6HZA24I3P,Kia,Sportage,2012,Truck,33758,1048
SM82CURGT2RKPCB0E,BMW,5 Series,2016,SUV,64982,7380
WIITHT1NS4N0832IZ,Ram,2500,2015,Sedan,114409,9721
EP5QIWCRSOWP3MHAL,Jeep,Grand Cherokee,2017,Sedan,58643,11058
0WRV6U3GOJ68Y9GCC,Ram,ProMaster,2020,Coupe,45080,20145
CVPRNXEC2MOE9HSNR,Mazda,CX-9,2021,Hatchback,53508,42035
XY84ZPBFTWXDLR0AK,Nissan,Frontier,2017,Sedan,53594,18880
Y5EGBQ6RISE0IAT2I,Toyota,Highlander,2012,Convertible,54169,876
LFS2KI1X4AQC811S4,BMW,X3,2022,Sedan,107327,21017
V3MWMPBHNRGDU8QEO,Kia,Optima,2013,Sedan,113412,4855
516JSHH9PB98FPMM2,Mercedes-Benz,S-Class,2021,Hatchback,52148,22546
3YF95AGHCO4D20ZH5,Nissan,Rogue,2010,Van,47683,-6362
5EIJM3OHGD78DGFUN,Volkswagen,Atlas,2017,Convertible,76291,21277
ZBJMKY47XCQA8UYEO,Ford,Fusion,2019,Hatchback,43264,20622
